fuente,nombre_fuente,banco_codigo
CAPCOL,BANCO AMIBANK S.A.,AMIBANK
CAPCOL,"BANCO AMIBANK S.A., EN LIQUIDACION",AMIBANK
CAPCOL,BANCO ATLÁNTIDA S.A.,ATLANTIDA
CAPCOL,BP AMAZONAS,AMAZONAS
CAPCOL,BP AUSTRO,AUSTRO
CAPCOL,BP BANCO COMERCIAL DE MANABI,COMERCIAL_MANABI
CAPCOL,"BP BANCO DESARROLLO DE LOS PUEBLOS S.A., CODESARROLLO",CODESARROLLO
CAPCOL,BP BOLIVARIANO,BOLIVARIANO
CAPCOL,BP CAPITAL,CAPITAL
CAPCOL,BP CITIBANK,CITIBANK
CAPCOL,BP COMERCIAL DE MANABI,COMERCIAL_MANABI
CAPCOL,BP COOPNACIONAL,COOPNACIONAL
CAPCOL,BP D-MIRO S.A.,D_MIRO
CAPCOL,BP DELBANK,DELBANK
CAPCOL,BP DINERS,DINERS
CAPCOL,BP FINCA S.A.,FINCA
CAPCOL,BP GENERAL RUMIÑAHUI,GENERAL_RUMINAHUI
CAPCOL,BP GUAYAQUIL,GUAYAQUIL
CAPCOL,BP INTERNACIONAL,INTERNACIONAL
CAPCOL,BP LITORAL,LITORAL
CAPCOL,BP LOJA,LOJA
CAPCOL,BP MACHALA,MACHALA
CAPCOL,BP PACIFICO,PACIFICO
CAPCOL,BP PICHINCHA,PICHINCHA
CAPCOL,BP PROCREDIT,PROCREDIT
CAPCOL,BP PRODUBANCO,PRODUBANCO
CAPCOL,BP SOLIDARIO,SOLIDARIO
CAPCOL,BP VISIONFUND ECUADOR S.A.,VISIONFUND_ECUADOR
BCE,BANCO AMAZONAS S.A.,AMAZONAS
BCE,BANCO AMIBANK ECUADOR S.A.,AMIBANK
BCE,BANCO AMIBANK S.A.,AMIBANK
BCE,BANCO ATLÁNTIDA S.A.,ATLANTIDA
BCE,BANCO BOLIVARIANO S.A.,BOLIVARIANO
BCE,BANCO CAPITAL S.A.,CAPITAL
BCE,BANCO COMERCIAL DE MANABÍ S.A.,COMERCIAL_MANABI
BCE,BANCO COOPNACIONAL S.A.,COOPNACIONAL
BCE,BANCO D-MIRO S.A.,D_MIRO
BCE,BANCO DE GUAYAQUIL S.A.,GUAYAQUIL
BCE,BANCO DE LA PRODUCCIÓN PRODUBANCO S.A.,PRODUBANCO
BCE,BANCO DE LOJA S.A.,LOJA
BCE,BANCO DE MACHALA S.A.,MACHALA
BCE,BANCO DEL AUSTRO S.A.,AUSTRO
BCE,BANCO DEL LITORAL S.A.,LITORAL
BCE,BANCO DEL PACÍFICO S.A.,PACIFICO
BCE,BANCO DELBANK S.A.,DELBANK
BCE,BANCO DESARROLLO DE LOS PUEBLOS S.A.,CODESARROLLO
BCE,BANCO DINERS CLUB DEL ECUADOR S.A.,DINERS
BCE,BANCO GENERAL RUMIÑAHUI S.A.,GENERAL_RUMINAHUI
BCE,BANCO INTERNACIONAL S.A.,INTERNACIONAL
BCE,BANCO PICHINCHA C.A.,PICHINCHA
BCE,BANCO PROCREDIT S.A.,PROCREDIT
BCE,BANCO SOLIDARIO S.A.,SOLIDARIO
BCE,BANCO VISIONFUND DEL ECUADOR,VISIONFUND_ECUADOR
BCE,BANCO VISIONFUND DEL ECUADOR S.A.,VISIONFUND_ECUADOR
BCE,BANCODESARROLLO,CODESARROLLO
BCE,CITIBANK N.A. SUCURSAL ECUADOR,CITIBANK
BCE,COFIEC,COFIEC
BCE,DINERS CLUB DEL ECUADOR S.A. SOCIEDAD,DINERS
BCE,FINCA,FINCA
BCE,LLOYDS BANK,LLOYDS
BCE,M.M. JARAMILLO ARTEAGA,JARAMILLO_ARTEAGA
BCE,PROMERICA,PROMERICA
BCE,SUDAMERICANO,SUDAMERICANO
BCE,TERRITORIAL,TERRITORIAL
BCE,UNIBANCO S.A.,UNIBANCO
BOLETIN,BP GUAYAQUIL,GUAYAQUIL
BOLETIN,BP PACIFICO,PACIFICO
BOLETIN,BP PICHINCHA,PICHINCHA
BOLETIN,BP PRODUBANCO,PRODUBANCO
BOLETIN,BP AUSTRO,AUSTRO
BOLETIN,BP BOLIVARIANO,BOLIVARIANO
BOLETIN,BP CITIBANK,CITIBANK
BOLETIN,BP DINERS,DINERS
BOLETIN,BP GENERAL RUMIÑAHUI,GENERAL_RUMINAHUI
BOLETIN,BP INTERNACIONAL,INTERNACIONAL
BOLETIN,BP LOJA,LOJA
BOLETIN,BP MACHALA,MACHALA
BOLETIN,BP SOLIDARIO,SOLIDARIO
BOLETIN,BP PROCREDIT,PROCREDIT
BOLETIN,BP AMAZONAS,AMAZONAS
BOLETIN,BP BANCO COMERCIAL DE MANABI,COMERCIAL_MANABI
BOLETIN,BP COMERCIAL DE MANABI,COMERCIAL_MANABI
BOLETIN,BP LITORAL,LITORAL
BOLETIN,BP COOPNACIONAL,COOPNACIONAL
BOLETIN,BP CAPITAL,CAPITAL
BOLETIN,BP DELBANK,DELBANK
BOLETIN,BANCO ATLÁNTIDA S.A.,ATLANTIDA
BOLETIN,"BP BANCO DESARROLLO DE LOS PUEBLOS S.A., CODESARROLLO",CODESARROLLO
BOLETIN,BP BANCODESARROLLO,CODESARROLLO
BOLETIN,BP VISIONFUND ECUADOR S.A.,VISIONFUND_ECUADOR
