banco_codigo,banco,tipo_entidad
PICHINCHA,BP PICHINCHA,BANCO PRIVADO
GUAYAQUIL,BP GUAYAQUIL,BANCO PRIVADO
PACIFICO,BP PACIFICO,BANCO PRIVADO
PRODUBANCO,BP PRODUBANCO,BANCO PRIVADO
BOLIVARIANO,BP BOLIVARIANO,BANCO PRIVADO
AUSTRO,BP AUSTRO,BANCO PRIVADO
INTERNACIONAL,BP INTERNACIONAL,BANCO PRIVADO
MACHALA,BP MACHALA,BANCO PRIVADO
LOJA,BP LOJA,BANCO PRIVADO
GENERAL_RUMINAHUI,BP GENERAL RUMIÑAHUI,BANCO PRIVADO
SOLIDARIO,BP SOLIDARIO,BANCO PRIVADO
CITIBANK,BP CITIBANK,BANCO PRIVADO
DINERS,BP DINERS,BANCO PRIVADO
AMAZONAS,BP AMAZONAS,BANCO PRIVADO
COMERCIAL_MANABI,BP BANCO COMERCIAL DE MANABI,BANCO PRIVADO
LITORAL,BP LITORAL,BANCO PRIVADO
COOPNACIONAL,BP COOPNACIONAL,BANCO PRIVADO
CAPITAL,BP CAPITAL,BANCO PRIVADO
DELBANK,BP DELBANK,BANCO PRIVADO
ATLANTIDA,BANCO ATLÁNTIDA S.A.,BANCO PRIVADO
CODESARROLLO,"BP BANCO DESARROLLO DE LOS PUEBLOS S.A., CODESARROLLO",BANCO PRIVADO
VISIONFUND_ECUADOR,BP VISIONFUND ECUADOR S.A.,BANCO PRIVADO
PROCREDIT,BP PROCREDIT,BANCO PRIVADO
AMIBANK,BANCO AMIBANK S.A.,BANCO PRIVADO
D_MIRO,BP D-MIRO S.A.,BANCO PRIVADO
FINCA,BP FINCA S.A.,BANCO PRIVADO
COFIEC,COFIEC,BANCO PRIVADO
LLOYDS,LLOYDS BANK,BANCO PRIVADO
JARAMILLO_ARTEAGA,M.M. JARAMILLO ARTEAGA,BANCO PRIVADO
PROMERICA,PROMERICA,BANCO PRIVADO
SUDAMERICANO,SUDAMERICANO,BANCO PRIVADO
TERRITORIAL,TERRITORIAL,BANCO PRIVADO
UNIBANCO,UNIBANCO S.A.,BANCO PRIVADO
